movie_id,title,rank,title_ko,title_en,year,open_date_detail,rating,runtime_min,audience_total,genres,country,directors,num_directors,cast_main,num_cast_main,cine21_score_detail,netizen_score
8089,석류의 빛깔,1,석류의 빛깔,,1968,2025-11-26,12세이상관람가,79.0,,드라마,"러시아,아르메니아",세르게이 파라자노프,1,"소피코 치아우레리, 지오르지 제제츠코리, 스파르탁 바가쉬빌리",3,7.75,
60010,동에 번쩍 서에 번쩍,2,동에 번쩍 서에 번쩍,,2022,2025-11-26,12세이상관람가,101.0,186.0,어드벤처,한국,이광국,1,"여설희, 우화정, 서지안",3,5.67,
62383,주토피아 2,3,주토피아 2,,2025,2025-11-26,전체 관람가,108.0,1783.0,애니메이션,미국,"재러드 부시, 바이론 하워드",2,"지니퍼 굿윈, 제이슨 베이트먼, 키 호이 콴",3,,
62775,힘,4,힘,,2025,2025-11-26,청소년 관람불가,96.0,,"스포츠, 공포",미국,저스틴 팁핑,1,"타이릭 위더스, 말론 웨이언스",2,,
62696,극장판 나와 로보코,5,극장판 나와 로보코,,2025,2025-11-26,12세이상관람가,64.0,,"코미디, 애니메이션",일본,다이치 아키타로,1,,0,,
62698,인 더 로스트 랜드,6,인 더 로스트 랜드,,2025,2025-11-26,15세이상관람가,100.0,427.0,"판타지, 액션, SF",미국,폴 W.S. 앤더슨,1,"밀라 요보비치, 데이브 바티스타",2,,
62699,속초에서의 겨울,7,속초에서의 겨울,,2024,2025-11-26,12세이상관람가,106.0,,드라마,프랑스,코야 카무라,1,"벨라 킴, 로쉬디 젬, 박미현",3,5.67,
62705,한란,8,한란,,2025,2025-11-26,12세이상관람가,118.0,1103.0,드라마,한국,하명미,1,"김향기, 김민채, 황정남",3,6.5,
62710,넌센스,9,넌센스,,2023,2025-11-26,15세이상관람가,117.0,469.0,"스릴러, 드라마",한국,이제희,1,"오아연, 박용우, 오민애",3,7.0,
62734,"오늘 하늘이 가장 좋아,라고 아직 말할 수 없는 나는",10,"오늘 하늘이 가장 좋아,라고 아직 말할 수 없는 나는",,2024,2025-11-26,12세이상관람가,127.0,535.0,드라마,일본,오오쿠 아키코,1,"카와이 유미, 하기와라 리쿠, 이토 아오이",3,7.0,
62758,우리의 이름,11,우리의 이름,,2025,2025-11-26,15세이상관람가,82.0,,드라마,한국,이상록,1,"정순범, 민우석, 이상하",3,6.0,
62762,나의 이름은 마리아,12,나의 이름은 마리아,,2024,2025-11-26,15세이상관람가,103.0,352.0,"전기, 드라마",프랑스,제시카 팔뤼,1,"아나마리아 바르톨로메이, 맷 딜런, 주세페 마지오",3,6.33,
10302,엔드 오브 에반게리온,13,엔드 오브 에반게리온,,1997,2025-11-21,청소년 관람불가,87.0,43295.0,"애니메이션, SF",일본,안노 히데아키,1,하야시바라 메구미,1,8.0,8.0
62678,마사이 크로스,14,마사이 크로스,,2025,2025-11-20,12세이상관람가,90.0,1310.0,드라마,한국,이성관,1,"권오중, 앨리스 왕가리, 메리스 텐키아",3,5.0,
62781,지하 아이돌,15,지하 아이돌,,2025,2025-11-20,15세이상관람가,100.0,166.0,코미디,한국,이수성,1,"염승이, 강병수, 김영희",3,,
62195,콘티넨탈 '25,16,콘티넨탈 '25,,2025,2025-11-19,15세이상관람가,108.0,976.0,드라마,"루마니아,룩셈부르크,브라질,스위스,영국",라두 주데,1,"이스터 톰파, 가브리엘 스파히우, 아도니스 탄차",3,6.5,
62531,나혼자 프린스,17,나혼자 프린스,,2025,2025-11-19,12세이상관람가,116.0,43525.0,"코미디, 멜로·로맨스",한국,김성훈,1,"이광수, 황하, 음문석",3,4.0,
62716,맨홀,18,맨홀,,2024,2025-11-19,15세이상관람가,105.0,3885.0,드라마,한국,한지수,1,"김준호, 권소현, 민서",3,6.0,
62356,위키드: 포 굿,19,위키드: 포 굿,,2025,2025-11-19,전체 관람가,137.0,596274.0,"판타지, 어드벤처, 뮤지컬",미국,존 추,1,"신시아 에리보, 아리아나 그란데, 조나단 베일리",3,6.0,8.5
62582,국보,20,국보,,2025,2025-11-19,15세이상관람가,175.0,72021.0,드라마,일본,이상일,1,"요시자와 료, 요코하마 류세이, 타카하타 미츠키",3,6.83,
62759,초콜릿,21,초콜릿,,2025,2025-11-19,15세이상관람가,85.0,383.0,드라마,한국,양지은,1,"임채영, 김선혁, 정소영",3,2.5,
62760,포레스텔라 : 더 웨이브 인 시네마,22,포레스텔라 : 더 웨이브 인 시네마,,2025,2025-11-19,전체 관람가,115.0,6811.0,뮤직,한국,김한솔,1,"배두훈, 강형호, 조민규",3,,
62782,제이 켈리,23,제이 켈리,,2025,2025-11-19,15세이상관람가,131.0,1068.0,드라마,미국,노아 바움백,1,"조지 클루니, 아덤 샌들러, 로라 던",3,,
62661,꼬마돼지 베이브와 타피티,24,꼬마돼지 베이브와 타피티,,2025,2025-11-13,전체 관람가,81.0,21186.0,애니메이션,독일,니나 웰스,1,,0,,
62594,왼손잡이 소녀,25,왼손잡이 소녀,,2025,2025-11-12,15세이상관람가,108.0,7314.0,"드라마, 가족","대만,프랑스,미국,영국",쩌우스칭,1,"시 유안 마, 자넬 차이, 니나 예",3,6.67,
62645,럭키 데이 인 파리,26,럭키 데이 인 파리,,2023,2025-11-12,12세이상관람가,96.0,4944.0,"스릴러, 멜로·로맨스",미국,우디 앨런,1,"루 드 라쥬, 멜빌 푸포, 닐스 슈네데르",3,7.0,
62658,나우 유 씨 미 3,27,나우 유 씨 미 3,,2025,2025-11-12,12세이상관람가,112.0,1072692.0,"액션, 범죄",미국,루벤 플레셔,1,"제시 아이젠버그, 우디 해럴슨, 데이브 프랭코",3,4.5,4.0
62695,직지루트; 테라 인코그니타,28,직지루트; 테라 인코그니타,,2024,2025-11-12,전체 관람가,97.0,673.0,다큐멘터리,한국,우광훈,1,"아히안, 우광훈, 안재원",3,,
62680,제이홉 투어 ‘홉 온 더 스테이지’ 더 무비,29,제이홉 투어 ‘홉 온 더 스테이지’ 더 무비,,2025,2025-11-12,,89.0,7512.0,뮤직,한국,박준수,1,제이홉,1,,
62686,종이 울리는 순간,30,종이 울리는 순간,,2025,2025-11-12,전체 관람가,80.0,968.0,다큐멘터리,한국,"김주영, 소헤일리 코메일",2,"솔비, 남준기, 윤여창",3,6.5,
62693,후계자,31,후계자,,2023,2025-11-12,15세이상관람가,112.0,2077.0,스릴러,"프랑스,캐나다,벨기에",자비에 르그랑,1,"마크 앙드레 그롱당, 이브 자크",2,6.0,
62701,달팽이 농구단,32,달팽이 농구단,,2024,2025-11-12,15세이상관람가,118.0,7190.0,"액션, 드라마",한국,고은기,1,"박호산, 박경서, 서지석",3,5.0,
62736,토니 자의 리벤지,33,토니 자의 리벤지,,2024,2025-11-12,15세이상관람가,110.0,,액션,중국,청스위,1,"토니 자, 첸 둬이, 홍준자",3,,
62786,최초의 기억,34,최초의 기억,,2023,2025-11-12,12세이상관람가,141.0,446.0,드라마,한국,"안선경, 장건재",2,"박종환, 강민주, 이금주",3,6.33,
62738,마루는 강쥐,35,마루는 강쥐,,2025,2025-11-08,전체 관람가,39.0,,애니메이션,한국,,0,,0,,
62739,"도토리 문화센터: Part1 고두리, 취미 지옥에 빠지다",36,"도토리 문화센터: Part1 고두리, 취미 지옥에 빠지다",,2025,2025-11-08,15세이상관람가,90.0,,애니메이션,한국,,0,,0,,
62740,로보카폴리 사막 구조대 이야기,37,로보카폴리 사막 구조대 이야기,,2025,2025-11-08,전체 관람가,48.0,,애니메이션,한국,엄준영,1,"엄상현, 박선영",2,,
62741,반짝반짝 달님이,38,반짝반짝 달님이,,2025,2025-11-08,전체 관람가,68.0,,애니메이션,한국,"송인욱, 안승익",2,"설가은, 강은애, 윤용식",3,,
62742,샤샤 & 마일로,39,샤샤 & 마일로,,2025,2025-11-08,15세이상관람가,80.0,,애니메이션,한국,,0,,0,,
62743,용한 소녀,40,용한 소녀,,2025,2025-11-08,전체 관람가,54.0,,애니메이션,한국,,0,,0,,
62746,지구의 주인은 고양이다,41,지구의 주인은 고양이다,,2025,2025-11-08,전체 관람가,61.0,,애니메이션,한국,,0,,0,,
62706,극장판 똘똘이: 아기공룡의 비밀,42,극장판 똘똘이: 아기공룡의 비밀,,2025,2025-11-07,전체 관람가,77.0,36535.0,애니메이션,한국,최영진,1,"방연지, 사문영, 이명희",3,,
62581,리플레이,43,리플레이,,2025,2025-11-06,15세이상관람가,107.0,1598.0,드라마,한국,황경성,1,"조수민, 김동한, 손태양",3,4.0,
61646,에스퍼의 빛,44,에스퍼의 빛,,2024,2025-11-05,12세이상관람가,147.0,1473.0,"판타지, 어드벤처, 다큐멘터리",한국,정재훈,1,,0,7.17,
62154,구원자,45,구원자,,2025,2025-11-05,15세이상관람가,103.0,34494.0,미스터리,한국,신준,1,"김병철, 송지효, 김히어라",3,4.0,
62288,프레데터: 죽음의 땅,46,프레데터: 죽음의 땅,,2025,2025-11-05,15세이상관람가,107.0,415784.0,"액션, SF",미국,댄 트라첸버그,1,"엘 패닝, 디미트리우스 슈스터-콜로아마탕기",2,6.5,7.83
62527,부고니아,47,부고니아,,2025,2025-11-05,청소년 관람불가,118.0,70222.0,"코미디, 스릴러",미국,요르고스 란티모스,1,"엠마 스톤, 제시 플레먼스, 에이든 델비스",3,6.6,9.0
62627,너와 나의 5분,48,너와 나의 5분,,2024,2025-11-05,15세이상관람가,105.0,9549.0,"멜로·로맨스, 드라마",한국,엄하늘,1,"심현서, 현우석, 공민정",3,6.0,
62650,엄마를 버리러 갑니다,49,엄마를 버리러 갑니다,,2025,2025-11-05,12세이상관람가,118.0,24007.0,"드라마, 가족","한국,베트남",모홍진,1,"뚜언 쩐, 홍 다오, 정일우",3,5.0,
62663,바람이 전하는 말,50,바람이 전하는 말,,2024,2025-11-05,전체 관람가,100.0,4167.0,"뮤직, 다큐멘터리",한국,양희,1,"김희갑, 양인자, 조용필",3,6.0,
62707,구름이하는말,51,구름이하는말,,2024,2025-11-05,15세이상관람가,80.0,256.0,드라마,한국,장태구,1,"이지봄, 배선희, 이시오",3,7.0,
62733,곰돌이 푸: 피와 꿀2,52,곰돌이 푸: 피와 꿀2,,2024,2025-11-05,청소년 관람불가,93.0,315.0,"스릴러, 공포",미국,리스 프레이크-워터필드,1,"스콧 챔버스, 탈룰라 에반스, 라이언 올리바",3,,
62712,리그레팅 유,53,리그레팅 유,,2025,2025-11-05,15세이상관람가,115.0,1024.0,"멜로·로맨스, 드라마",미국,조쉬 분,1,"앨리슨 윌리엄스, 맥케나 그레이스, 데이브 프랭코",3,,
62735,투 헤븐,54,투 헤븐,,2025,2025-11-05,,90.0,1103.0,다큐멘터리,한국,김상철,1,"김헌수, 김소임",2,,
62715,신세기 에반게리온 극장판 사도신생,55,신세기 에반게리온 극장판 사도신생,,1997,2025-10-31,,69.0,23249.0,"애니메이션, SF",일본,안노 히데아키,1,"하야시바라 메구미, 오가타 메구미",2,,
62654,아이돌리쉬 세븐 퍼스트 비트! 극장총집편 전편,56,아이돌리쉬 세븐 퍼스트 비트! 극장총집편 전편,,2025,2025-10-31,전체 관람가,105.0,5101.0,애니메이션,일본,벳쇼 마코토,1,"마스다 토시키, 시라이 유스케, 요나가 츠바사",3,,
62769,말할 수 없는 비밀: 마지막 챕터 말할 수 없는 비밀: 마지막 챕터,57,말할 수 없는 비밀: 마지막 챕터,,2025,2025-10-30,전체 관람가,114.0,14253.0,멜로·로맨스,일본,카와이 하야토,1,"쿄모토 타이가, 후루카와 코도네, 요코타 마유",3,,
8595,이노센스,58,이노센스,,2004,2025-10-29,12세이상관람가,99.0,34738.0,"애니메이션, SF",일본,오시이 마모루,1,"오오츠카 아키오, 타나카 아츠코, 야마데라 코이치",3,7.0,7.62
59713,하얀 차를 탄 여자,59,하얀 차를 탄 여자,,2022,2025-10-29,15세이상관람가,108.0,20332.0,"스릴러, 서스펜스",한국,고혜진,1,"정려원, 이정은, 김정민",3,6.0,
61148,바얌섬,60,바얌섬,,2023,2025-10-29,15세이상관람가,115.0,1089.0,"판타지, 미스터리",한국,김유민,1,"이상훈, 김기태, 이청빈",3,6.4,
62217,퍼스트 라이드,61,퍼스트 라이드,,2025,2025-10-29,12세이상관람가,116.0,734321.0,"코미디, 드라마",한국,남대중,1,"강하늘, 김영광, 차은우",3,4.5,5.17
62354,블랙폰 2,62,블랙폰 2,,2025,2025-10-29,15세이상관람가,114.0,9230.0,공포,미국,스콧 데릭슨,1,"에단 호크, 메이슨 테임즈, 매들린 맥그로우",3,6.0,
62631,지드래곤 인 시네마 [위버맨쉬],63,지드래곤 인 시네마 [위버맨쉬],,2025,2025-10-29,12세이상관람가,106.0,24049.0,뮤직,한국,변진호,1,G-드래곤,1,,
62636,검은뱀,64,검은뱀,,2024,2025-10-29,청소년 관람불가,98.0,456.0,"액션, 범죄",한국,박도환,1,"부정우, 김화인, 문영동",3,,
62637,라리랑,65,라리랑,,2023,2025-10-29,12세이상관람가,110.0,2405.0,"코미디, 드라마, 가족",한국,나선희,1,"김종구, 정애화, 이주우",3,5.0,
62638,베이비걸,66,베이비걸,,2024,2025-10-29,청소년 관람불가,114.0,22656.0,"스릴러, 멜로·로맨스",미국,할리나 레인,1,"니콜 키드먼, 해리스 디킨슨, 안토니오 반데라스",3,5.75,
62662,베일리와 버드,67,베일리와 버드,,2024,2025-10-29,15세이상관람가,118.0,1355.0,드라마,"영국,미국,프랑스,독일",안드레아 아놀드,1,"니키야 애덤스, 배리 키오건, 프란츠 로고브스키",3,6.67,
62688,1980 사북,68,1980 사북,,2024,2025-10-29,12세이상관람가,128.0,7508.0,다큐멘터리,,박봉남,1,"이원갑, 강윤호, 이명득",3,6.5,9.5
62732,타타르인의 사막,69,타타르인의 사막,,1976,2025-10-29,12세이상관람가,148.0,729.0,드라마,이탈리아,발레리오 추를리니,1,"자크 페렝, 막스 폰 쉬도브, 헬무트 그리엠",3,,
62515,경성유랑극단,70,경성유랑극단,,2025,2025-10-24,12세이상관람가,99.0,4311.0,"전쟁, 뮤지컬, 드라마",한국,박진용,1,"박도욱, 조상웅, 김연준",3,,
62682,은혼 가부키쵸 사천왕편 온 씨어터,71,은혼 가부키쵸 사천왕편 온 씨어터,,2025,2025-10-24,15세이상관람가,105.0,5214.0,애니메이션,일본,후지타 요이치,1,"스키타 토모카즈, 사카구치 다이스케",2,,
62580,스퍼마게돈: 사정의 날,72,스퍼마게돈: 사정의 날,,2024,2025-10-23,청소년 관람불가,80.0,318.0,"뮤지컬, 애니메이션",노르웨이,"토미 워콜라, 라스무스 A. 실버센",2,,0,4.67,
36917,늑대아이,73,늑대아이,,2012,2025-10-22,전체 관람가,117.0,347685.0,"판타지, 애니메이션",일본,호소다 마모루,1,"미야자키 아오이, 오오사와 다카오, 쿠로키 하루",3,8.2,8.37
62511,세계의 주인,74,세계의 주인,,2024,2025-10-22,12세이상관람가,119.0,135985.0,드라마,한국,윤가은,1,"서수빈, 장혜진, 김정식",3,7.88,7.0
62562,8번 출구,75,8번 출구,,2025,2025-10-22,12세이상관람가,95.0,448847.0,"스릴러, 공포",일본,카와무라 겐키,1,"니노미야 카즈나리, 코치 야마토, 고마츠 나나",3,6.8,6.0
62568,부산포니아,76,부산포니아,,2016,2025-10-22,12세이상관람가,91.0,1674.0,드라마,한국,이서호,1,"마크 포트키터, 하이켄 피켈, 마이크 휠러",3,3.0,
62587,디바 야누스,77,디바 야누스,,2022,2025-10-22,전체 관람가,87.0,1116.0,"뮤직, 다큐멘터리",한국,조은성,1,박성연,1,5.0,7.0
62635,양양,78,양양,,2024,2025-10-22,12세이상관람가,78.0,3046.0,다큐멘터리,한국,양주연,1,"양지영, 양주연, 양철원",3,6.0,
62647,빅 볼드 뷰티풀,79,빅 볼드 뷰티풀,,2025,2025-10-22,12세이상관람가,109.0,8599.0,"판타지, 멜로·로맨스, 드라마","미국,아일랜드",코고나다,1,"마고 로비, 콜린 파렐, 케빈 클라인",3,6.0,7.0
62659,굿 보이,80,굿 보이,,2025,2025-10-22,12세이상관람가,72.0,8338.0,"코미디, 스릴러, 공포",미국,벤 레온버그,1,"인디, 셰인 젠슨, 아리엘 프리드먼",3,6.0,
62681,꽃놀이 간다,81,꽃놀이 간다,,2025,2025-10-22,15세이상관람가,27.0,,"단편 영화, 드라마",한국,이정현,1,이정현,1,,
62687,프랑켄슈타인,82,프랑켄슈타인,,2025,2025-10-22,청소년 관람불가,149.0,24295.0,"공포, SF","멕시코,미국",기예르모 델 토로,1,"오스카 아이삭, 제이콥 엘로디, 크리스토프 왈츠",3,8.0,7.75
62697,가나안 김용기–조국이여 안심하라,83,가나안 김용기–조국이여 안심하라,,2025,2025-10-22,12세이상관람가,89.0,559.0,다큐멘터리,한국,김상철,1,"김용기, 김범일, 김평일",3,,
62641,원 인 어 밀리언,84,원 인 어 밀리언,,2025,2025-10-20,전체 관람가,121.0,8668.0,"뮤직, 다큐멘터리",한국,와사비마요,1,"나연, 정연, 모모",3,,
62689,이찬원 정규 2집 ‘찬란’ 청음회,85,이찬원 정규 2집 ‘찬란’ 청음회,,2025,2025-10-19,전체 관람가,38.0,,뮤직,한국,나상인,1,이찬원,1,,
62690,베팅 위드 고스트: 보석 사냥꾼,86,베팅 위드 고스트: 보석 사냥꾼,,2025,2025-10-17,,129.0,2154.0,"드라마, 코미디",베트남,쭝 룬,1,"호아이 린, 지엡 바오 응옥, 뚜언 쩐",3,,
62566,극장판 주술회전: 회옥·옥절,87,극장판 주술회전: 회옥·옥절,,2025,2025-10-16,15세이상관람가,110.0,234873.0,애니메이션,일본,고쇼조노 쇼타,1,"나카무라 유이치, 사쿠라이 타카히로",2,6.0,6.0
62579,피로 지켜낸 대한민국,88,피로 지켜낸 대한민국,,2025,2025-10-16,15세이상관람가,119.0,879.0,다큐멘터리,한국,"금기백, 애진아",2,,0,,
62634,보이 킬스 월드,89,보이 킬스 월드,,2023,2025-10-16,청소년 관람불가,111.0,256.0,액션,"미국,독일,남아프리카",모리츠 모어,1,"빌 스카스가드, 제시카 로테, 팜케 얀센",3,,
62648,화이트 아웃,90,화이트 아웃,,2023,2025-10-16,청소년 관람불가,90.0,172.0,"스릴러, 액션",캐나다,데릭 반스,1,"제임스 맥두걸, 더글라스 나이백",2,,
62684,안동,91,안동,,2025,2025-10-16,12세이상관람가,96.0,673.0,"판타지, 드라마",한국,김홍익,1,"달수빈, 허진우, 노현희",3,3.0,
62632,스무살2: 못다 핀 꽃,92,스무살2: 못다 핀 꽃,,2025,2025-10-15,청소년 관람불가,87.0,,드라마,한국,신정균,1,,0,2.0,
16679,마작,93,마작,,1996,2025-10-15,15세이상관람가,120.0,7339.0,"코미디, 드라마",대만,에드워드 양,1,"가우륜, 비르지니 르도엥, 당종성",3,6.5,
56766,첫잔처럼,94,첫잔처럼,,2019,2025-10-15,15세이상관람가,101.0,,드라마,한국,백승환,1,"조달환, 우혜림, 정영주",3,,
62279,만남의 집,95,만남의 집,,2025,2025-10-15,12세이상관람가,123.0,12041.0,드라마,한국,차정윤,1,"송지효, 도영서, 옥지영",3,6.33,
62523,웨폰,96,웨폰,,2025,2025-10-15,청소년 관람불가,128.0,82273.0,"공포, 미스터리",,잭 크레거,1,"조슈 브롤린, 줄리아 가너, 올든 에런라이크",3,7.0,7.0
62544,수학영재 형주,97,수학영재 형주,,2024,2025-10-15,12세이상관람가,119.0,1839.0,드라마,한국,최창환,1,"정다민, 김세원, 곽민규",3,6.0,
62569,중간계,98,중간계,,2025,2025-10-15,15세이상관람가,60.0,28359.0,"액션, 블록버스터",한국,강윤성,1,"변요한, 김강우, 방효린",3,3.0,1.0
62644,도쿄 리벤저스2: 결전,99,도쿄 리벤저스2: 결전,,2023,2025-10-10,15세이상관람가,95.0,3787.0,"액션, 드라마",일본,하나부사 츠토무,1,"키타무라 타쿠미, 요시자와 료, 야마다 유키",3,,
62584,퐁당퐁당 러브: 더 무비,100,퐁당퐁당 러브: 더 무비,,2025,2025-10-09,12세이상관람가,137.0,10524.0,멜로·로맨스,한국,김지현,1,"윤두준, 김슬기",2,6.5,
62218,트론: 아레스,101,트론: 아레스,,2025,2025-10-08,12세이상관람가,118.0,173359.0,"액션, SF",미국,요아킴 뢰닝,1,"자레드 레토, 그레타 리, 에반 피터스",3,6.5,5.6
62630,100 미터.,102,100 미터.,,2025,2025-10-08,전체 관람가,106.0,39251.0,애니메이션,일본,이와이사와 켄지,1,"마츠자카 토리, 소메타니 쇼타, 카사마 준",3,7.5,9.0
61964,나쁜계집애: 달려라 하니,103,나쁜계집애: 달려라 하니,,2024,2025-10-07,전체 관람가,91.0,70757.0,애니메이션,한국,허정수,1,,0,6.0,6.33
62548,사람과 고기,104,사람과 고기,,2025,2025-10-07,12세이상관람가,107.0,36625.0,드라마,한국,양종현,1,"박근형, 장용, 예수정",3,6.5,10.0
62502,보스,105,보스,,2023,2025-10-03,15세이상관람가,98.0,2435841.0,"코미디, 액션",한국,라희찬,1,"조우진, 정경호, 박지환",3,4.0,5.33
62532,개비의 매직하우스 극장판,106,개비의 매직하우스 극장판,,2025,2025-10-03,전체 관람가,97.0,111688.0,"어드벤처, 가족","미국,캐나다",라이언 크레고,1,"레일라 록하트 크레이너, 크리스틴 위그, 글로리아 에스테판",3,6.0,
62545,배달의 영웅: 캐리와 슈퍼콜라2,107,배달의 영웅: 캐리와 슈퍼콜라2,,2025,2025-10-03,전체 관람가,86.0,28660.0,"애니메이션, SF",한국,권원숙,1,"최정윤, 원옥화, 이다은",3,,
62629,어쩌면 해피엔딩,108,어쩌면 해피엔딩,,2025,2025-10-02,12세이상관람가,95.0,25360.0,"뮤지컬, 멜로·로맨스, SF",한국,이원회,1,"신주협, 강혜인, 유준상",3,5.5,
5567,도그빌,109,도그빌,,2003,2025-10-01,청소년 관람불가,178.0,77357.0,"스릴러, 드라마","네덜란드,노르웨이,덴마크",라스 폰 트리에,1,"니콜 키드먼, 해리엇 안데르손, 로렌 바콜",3,6.75,8.27
61727,연의 편지,110,연의 편지,,2024,2025-10-01,12세이상관람가,96.0,226881.0,애니메이션,한국,김용환,1,"이수현, 김민주, 민승우",3,7.0,6.67
62311,그저 사고였을 뿐,111,그저 사고였을 뿐,,2025,2025-10-01,15세이상관람가,102.0,41876.0,"액션, 범죄, 드라마","이란,프랑스,룩셈부르크",자파르 파나히,1,"바히드 모바셰리, 마리암 아프샤리, 에브라힘 아지지",3,7.25,
62313,미러 넘버 3,112,미러 넘버 3,,2025,2025-10-01,15세이상관람가,86.0,12166.0,"드라마, 미스터리, 스릴러",독일,크리스티안 페촐트,1,"폴라 비어, 바바라 오어, 엔노 트렙스",3,6.0,
62517,동그라미,113,동그라미,,2024,2025-10-01,12세이상관람가,117.0,2051.0,"코미디, 드라마",일본,오기가미 나오코,1,"도모토 츠요시, 아야노 고, 요시오카 리호",3,6.5,
62537,원 배틀 애프터 어나더,114,원 배틀 애프터 어나더,,2025,2025-10-01,15세이상관람가,161.0,531920.0,"액션, 범죄",미국,폴 토마스 앤더슨,1,"레오나르도 디카프리오, 숀 펜, 베니시오 델 토로",3,8.83,8.27
62564,귀목: 피의 혼례,115,귀목: 피의 혼례,,2025,2025-10-01,청소년 관람불가,120.0,4551.0,"미스터리, 공포",베트남,르 반 키엣,1,"램 탄 마이, 후 비, 레 투옛 안",3,,
62565,워킹맨,116,워킹맨,,2025,2025-10-01,청소년 관람불가,116.0,21014.0,"액션, 스릴러, 범죄",미국,데이비드 에이어,1,"제이슨 스테이섬, 제이슨 플레밍, 마이클 페나",3,4.0,6.0
62649,파이브 데이즈,117,파이브 데이즈,,2023,2025-09-30,15세이상관람가,119.0,24.0,"범죄, 스릴러",중국,장모,1,"장소비, 리홍치, 혜영홍",3,,
62485,브레드이발소: 베이커리타운의 악당들,118,브레드이발소: 베이커리타운의 악당들,,2025,2025-09-27,전체 관람가,70.0,282222.0,애니메이션,한국,정지환,1,"엄상현, 박윤희, 강시현",3,6.0,
62513,바다 탐험대 옥토넛 어보브 앤 비욘드: 콰지의 깜짝 어드벤처,119,바다 탐험대 옥토넛 어보브 앤 비욘드: 콰지의 깜짝 어드벤처,,2025,2025-09-27,전체 관람가,59.0,40236.0,애니메이션,,패트리스 베루베,1,"하성용, 정재헌, 엄상현",3,,
62543,애프터매스: 브릿지,120,애프터매스: 브릿지,,2024,2025-09-25,15세이상관람가,97.0,551.0,액션,미국,패트릭 루시에,1,"딜런 스프라우스, 메이슨 구딩, 디첸 라크맨",3,,
62560,마다가스카르 뮤직,121,마다가스카르 뮤직,,2023,2025-09-25,전체 관람가,78.0,706.0,다큐멘터리,한국,정초신,1,"장태화, 신미식",2,6.0,9.0
62501,리 밀러: 카메라를 든 여자,122,리 밀러: 카메라를 든 여자,,2023,2025-09-24,15세이상관람가,117.0,10662.0,드라마,영국,엘렌 쿠라스,1,"케이트 윈슬렛, 알렉산더 스카스가드, 마리옹 꼬띠아르",3,6.0,8.0
61626,파르테노페,123,파르테노페,,2023,2025-09-24,청소년 관람불가,137.0,8948.0,"멜로·로맨스, 드라마",이탈리아,파올로 소렌티노,1,"셀레스트 달라 포르타, 게리 올드만, 실비오 올랜도",3,6.0,
61709,어쩔수가없다,124,어쩔수가없다,,2024,2025-09-24,15세이상관람가,138.0,2941183.0,"코미디, 스릴러",한국,박찬욱,1,"이병헌, 손예진, 박희순",3,7.17,7.77
62498,극장판 체인소 맨: 레제편,125,극장판 체인소 맨: 레제편,,2025,2025-09-24,15세이상관람가,100.0,3293411.0,애니메이션,일본,요시하라 타츠야,1,,0,8.0,8.38
61920,홍이,126,홍이,,2024,2025-09-24,12세이상관람가,86.0,5434.0,드라마,한국,황슬기,1,"장선, 변중희, 이유경",3,6.67,
62121,결혼 피로연,127,결혼 피로연,,2024,2025-09-24,15세이상관람가,103.0,7198.0,"코미디, 멜로·로맨스",미국,앤드류 안,1,"윤여정, 한기찬, 보웬 양",3,5.5,10.0
62529,#진상을 말씀드립니다,128,#진상을 말씀드립니다,,2025,2025-09-24,15세이상관람가,117.0,7002.0,"스릴러, 미스터리, 드라마",일본,도요시마 케이스케,1,"오모리 모토키, 키쿠치 후마, 이토 켄타로",3,5.0,
62633,마이다스 맨: 전설의 시작,129,마이다스 맨: 전설의 시작,,2024,2025-09-24,15세이상관람가,112.0,160.0,드라마,영국,조 스티븐슨,1,"제이컵 포춘 로이드, 에밀리 왓슨",2,,
62509,포풍추영,130,포풍추영,,2025,2025-09-20,15세이상관람가,142.0,24813.0,"액션, 범죄","홍콩,중국",래리 양,1,"성룡, 양가휘, 문준휘",3,5.33,7.0
62530,명탐정 코난: 17년 전의 진상,131,명탐정 코난: 17년 전의 진상,,2025,2025-09-19,,,89628.0,애니메이션,일본,"야마모토 야스이치로, 카마나카 노부하루",2,"타카야마 미나미, 키시노 유키마사, 치바 시게루",3,,
6764,피크닉,132,피크닉,,1996,2025-09-17,15세이상관람가,72.0,9912.0,드라마,일본,이와이 슌지,1,"차라, 아사노 타다노부, 하시즈메 고이치",3,6.0,8.44
8837,"프란체스코, 신의 어릿광대",133,"프란체스코, 신의 어릿광대",,1950,2025-09-17,12세이상관람가,86.0,386.0,드라마,이탈리아,로베르토 로셀리니,1,"알도 파브리지, 아라벨라 레마이트레",2,8.0,6.67
15344,린다 린다 린다,134,린다 린다 린다,,2005,2025-09-17,12세이상관람가,114.0,37181.0,"코미디, 드라마",일본,야마시타 노부히로,1,"배두나, 마에다 아키, 가시이 유우",3,6.0,7.48
62494,더 로즈: 완벽한 이혼,135,더 로즈: 완벽한 이혼,,2025,2025-09-17,15세이상관람가,105.0,18674.0,"코미디, 드라마","영국,미국",제이 로치,1,"올리비아 콜맨, 베네딕트 컴버배치, 케이트 맥키넌",3,6.0,6.0
62504,베르메르: 위대한 전시회,136,베르메르: 위대한 전시회,,2023,2025-09-17,전체 관람가,96.0,1106.0,다큐멘터리,영국,데이비드 비커스태프,1,로버트 린제이,1,6.0,
62522,귀시,137,귀시,,2025,2025-09-17,15세이상관람가,96.0,68439.0,공포,한국,홍원기,1,"유재명, 문채원, 서영희",3,3.0,
61806,얼굴,138,얼굴,,2024,2025-09-11,15세이상관람가,103.0,1076238.0,미스터리,한국,연상호,1,"박정민, 권해효, 신현빈",3,6.33,7.15
62476,빌리와 용감한 타이거 킹,139,빌리와 용감한 타이거 킹,,2024,2025-09-11,전체 관람가,72.0,16628.0,애니메이션,말레이지아,베누드 네쿠이,1,,0,,
62500,비밀일 수밖에,140,비밀일 수밖에,,2024,2025-09-10,12세이상관람가,113.0,5778.0,"코미디, 드라마",한국,김대환,1,"장영남, 류경수, 스테파니 리",3,5.8,9.33
62519,전력질주,141,전력질주,,2025,2025-09-10,12세이상관람가,97.0,17553.0,드라마,한국,이승훈,1,"하석진, 이신영, 다현",3,5.5,
62521,가족의 비밀,142,가족의 비밀,,2025,2025-09-10,12세이상관람가,104.0,2404.0,"드라마, 코미디",한국,이상훈,1,"김혜은, 김법래, 김보윤",3,5.0,
60722,살인자 리포트,143,살인자 리포트,,2025,2025-09-05,청소년 관람불가,107.0,366279.0,스릴러,한국,조영준,1,"조여정, 정성일, 김태한",3,5.5,8.0
62497,아기돼지 3형제: 도넛별 대모험,144,아기돼지 3형제: 도넛별 대모험,,2025,2025-09-04,전체 관람가,71.0,20894.0,"어드벤처, 애니메이션",중국,유위,1,"장미, 김채하, 김아롱",3,,
61895,3학년 2학기,145,3학년 2학기,,2024,2025-09-03,12세이상관람가,104.0,19117.0,드라마,한국,이란희,1,"유이하, 김성국, 양지운",3,7.75,10.0
62270,3670,146,3670,,2025,2025-09-03,15세이상관람가,124.0,21041.0,드라마,한국,박준호,1,"조유현, 김현목, 조대희",3,6.75,8.0
62407,투게더,147,투게더,,2025,2025-09-03,15세이상관람가,102.0,50245.0,"멜로·로맨스, 공포","미국,오스트레일리아",마이클 생크스,1,"데이브 프랭코, 알리슨 브리, 데이먼 헤리먼",3,6.5,8.5
62535,너는 나를 불태워,148,너는 나를 불태워,,2024,2025-08-27,15세이상관람가,64.0,3468.0,드라마,"아르헨티나,스페인",마티아스 피녜이로,1,"가브리엘라 사이돈, 마리아 비샤르",2,6.75,5.0
62379,극장판 귀멸의 칼날: 무한성편,149,극장판 귀멸의 칼날: 무한성편,,2025,2025-08-22,15세이상관람가,155.0,5650249.0,애니메이션,일본,소토자키 하루오,1,"하나에 나츠키, 키토 아카리, 시모노 히로",3,7.0,8.6
62349,명탐정 코난: 척안의 잔상,150,명탐정 코난: 척안의 잔상,,2025,2025-07-16,12세이상관람가,109.0,748971.0,애니메이션,일본,시게하라 카츠야,1,"김선혜, 강수진, 이정구",3,6.5,
